player_id,name,role,anchor_date,trained_on,value_at_anchor,p10_eur,p50_eur,p90_eur,actual_eur,actual_date,log_error,in_band
342229,Kylian Mbappé,star,2024-07-01,729,180000000,1.373e+08,1.862e+08,2.206e+08,1.8e+08,2025-06-09,0.03375,True
342229,Kylian Mbappé,star,2025-07-01,1000,180000000,1.521e+08,1.745e+08,2.233e+08,1.8e+08,2026-06-05,-0.03111,True
646740,Gavi,prospect,2024-07-01,729,90000000,6.898e+07,1.096e+08,1.488e+08,6e+07,2025-06-09,0.6024,False
646740,Gavi,prospect,2025-07-01,1000,60000000,5.006e+07,6.814e+07,9.61e+07,3e+07,2026-06-05,0.8204,False
193004,Waldemar Anton,prime,2024-07-01,729,20000000,1.549e+07,2.543e+07,3.783e+07,1.8e+07,2025-06-05,0.3455,True
193004,Waldemar Anton,prime,2025-07-01,1000,18000000,1.234e+07,1.599e+07,2.875e+07,1.8e+07,2026-05-27,-0.1183,True
208552,Siebe Schrijvers,squad,2024-07-01,729,2000000,1.634e+06,5.207e+06,1.129e+07,1.5e+06,2025-06-12,1.245,False
208552,Siebe Schrijvers,squad,2025-07-01,1000,1500000,1.292e+06,3.958e+06,8.898e+06,1.5e+06,2026-06-04,0.9702,True
148455,Mohamed Salah,veteran,2024-07-01,729,55000000,4.062e+07,5.662e+07,7.092e+07,5e+07,2025-05-30,0.1244,True
148455,Mohamed Salah,veteran,2025-07-01,1000,50000000,3.397e+07,4.276e+07,6.033e+07,2.2e+07,2026-06-03,0.6646,False
